"#","Reference","Qty","Value","Footprint","DNP"
"1","C1, C2, C3, C4, C5, C6","6","100n","Capacitor_SMD:C_0402_1005Metric",""
"2","C7, C8","2","1u","Capacitor_SMD:C_0402_1005Metric",""
"3","D1, D2, D3, D4, D5, D6","6","APHF1608LSEEQBDZGKC","footprint:LED_APHF1608LSEEQBDZGKC",""
"4","J1","1","Conn_02x07_Counter_Clockwise","Connector_PinSocket_2.54mm:PinSocket_2x07_P2.54mm_Vertical",""
"5","R1","1","36.7kΩ","Resistor_SMD:R_0402_1005Metric",""
"6","R4","1","10k","Resistor_SMD:R_0402_1005Metric",""
"7","TP1","1","VCC","TestPoint:TestPoint_Pad_D1.5mm",""
"8","TP2","1","GND","TestPoint:TestPoint_Pad_D1.5mm",""
"9","U1, U2, U3, U4, U5, U6","6","IM69D128SV01XTMA1","footprint:MIC-SMD_IM69D128SV01XTMA1",""
"10","U7","1","LP5018RSMR","footprint:QFN40P400X400X100-33N",""
