Ref,Val,Package,PosX,PosY,Rot,Side
"C1","100n","C_0402_1005Metric",244.020000,-154.630000,180.000000,top
"C2","100n","C_0402_1005Metric",192.390000,-66.770000,180.000000,top
"C3","100n","C_0402_1005Metric",89.850000,-61.540000,180.000000,top
"C4","100n","C_0402_1005Metric",42.070000,-154.620000,180.000000,top
"C5","100n","C_0402_1005Metric",92.480000,-241.520000,180.000000,top
"C6","100n","C_0402_1005Metric",192.495000,-241.975000,180.000000,top
"C7","1u","C_0402_1005Metric",239.060000,-204.200000,-90.000000,top
"C8","1u","C_0402_1005Metric",239.575000,-199.800000,180.000000,top
"D1","APHF1608LSEEQBDZGKC","LED_APHF1608LSEEQBDZGKC",243.950000,-156.500000,90.000000,top
"D2","APHF1608LSEEQBDZGKC","LED_APHF1608LSEEQBDZGKC",192.650000,-68.350000,180.000000,top
"D3","APHF1608LSEEQBDZGKC","LED_APHF1608LSEEQBDZGKC",89.925000,-59.725000,-90.000000,top
"D4","APHF1608LSEEQBDZGKC","LED_APHF1608LSEEQBDZGKC",43.100000,-156.425000,0.000000,top
"D5","APHF1608LSEEQBDZGKC","LED_APHF1608LSEEQBDZGKC",92.875000,-244.100000,-90.000000,top
"D6","APHF1608LSEEQBDZGKC","LED_APHF1608LSEEQBDZGKC",192.550000,-244.075000,-90.000000,top
"R1","36.7kΩ","R_0402_1005Metric",239.625000,-200.875000,0.000000,top
"R4","10k","R_0402_1005Metric",241.600000,-202.075000,180.000000,top
"U7","LP5018RSMR","QFN40P400X400X100-33N",235.695000,-202.390000,-90.000000,top
