"Reference","Qty","Value","DNP","Exclude from BOM","Exclude from Board","Footprint","Datasheet","LCSC Part Number","Manufacturer Part Number","Package or Case Code"
"C1","1","1000uF","","","","SpeakerRevB:C1_RevB","","","EEUFR1E102",""
"C2","1","1000uF","","","","SpeakerRevB:C2_RevB","","","EEUFR1E102",""
"C3","1","1000uF","","","","SpeakerRevB:C3_RevB","","","EEUFR1V102",""
"C4","1","1000uF","","","","SpeakerRevB:C4_RevB","","","EEUFR1V102",""
"C5","1","100uF","","","","SpeakerRevB:C5_RevB","","","EEUFR1H101",""
"C6","1","100uF","","","","SpeakerRevB:C6_RevB","","","EEUFR1H101",""
"C7","1","220nF","","","","SpeakerRevB:C7_RevB","https://search.kemet.com/component-documentation/download/specsheet/C0603C224K5RACTU","","C0603C224K5RACTU",""
"C8","1","220nF","","","","SpeakerRevB:C8_RevB","https://search.kemet.com/component-documentation/download/specsheet/C0603C224K5RACTU","","C0603C224K5RACTU",""
"C9","1","220nF","","","","SpeakerRevB:C9_RevB","https://search.kemet.com/component-documentation/download/specsheet/C0603C224K5RACTU","","C0603C224K5RACTU",""
"C10","1","220nF","","","","SpeakerRevB:C10_RevB","https://search.kemet.com/component-documentation/download/specsheet/C0603C224K5RACTU","","C0603C224K5RACTU",""
"C11","1","1uF","","","","SpeakerRevB:C11_RevB","https://search.kemet.com/component-documentation/download/specsheet/C0603C105K4RACTU","","C0603C105K4RACTU",""
"C12","1","1uF","","","","SpeakerRevB:C12_RevB","https://search.kemet.com/component-documentation/download/specsheet/C1210C105K1RACTU","","C1210C105K1RACTU",""
"C13","1","1uF","","","","SpeakerRevB:C13_RevB","https://search.kemet.com/component-documentation/download/specsheet/C1210C105K1RACTU","","C1210C105K1RACTU",""
"C14","1","1uF","","","","SpeakerRevB:C14_RevB","https://search.kemet.com/component-documentation/download/specsheet/C1210C105K1RACTU","","C1210C105K1RACTU",""
"C15","1","1uF","","","","SpeakerRevB:C15_RevB","https://search.kemet.com/component-documentation/download/specsheet/C1210C105K1RACTU","","C1210C105K1RACTU",""
"C16","1","1uF","","","","SpeakerRevB:C16_RevB","https://search.kemet.com/component-documentation/download/specsheet/C1210C105K1RACTU","","C1210C105K1RACTU",""
"C17","1","2.2uF","","","","SpeakerRevB:C17_RevB","https://search.kemet.com/component-documentation/download/specsheet/C0805C225K3RACTU","","C0805C225K3RACTU",""
"C18","1","2.2uF","","","","SpeakerRevB:C18_RevB","https://search.kemet.com/component-documentation/download/specsheet/C0805C225K3RACTU","","C0805C225K3RACTU",""
"C19","1","2.2nF","","","","SpeakerRevB:C19_RevB","https://search.kemet.com/component-documentation/download/specsheet/C0603C222J5GACTU","","C0603C222J5GACTU",""
"C20","1","2.2uF","","","","SpeakerRevB:C20_RevB","https://search.kemet.com/component-documentation/download/specsheet/C0805C225K3RACTU","","C0805C225K3RACTU",""
"C21","1","2.2uF","","","","SpeakerRevB:C21_RevB","https://search.kemet.com/component-documentation/download/specsheet/C0805C225K3RACTU","","C0805C225K3RACTU",""
"C22","1","10uF","","","","SpeakerRevB:C22_RevB","https://www.murata.com/en-global/products/productdetail?partno=GRM21BR61C106KE15L","","GRM21BR61C106KE15L",""
"C23","1","10uF","","","","SpeakerRevB:C23_RevB","https://www.murata.com/en-global/products/productdetail?partno=GRM21BR61C106KE15L","","GRM21BR61C106KE15L",""
"C24","1","10uF","","","","SpeakerRevB:C24_RevB","https://www.murata.com/en-global/products/productdetail?partno=GRM21BR61C106KE15L","","GRM21BR61C106KE15L",""
"C25","1","10uF","","","","SpeakerRevB:C25_RevB","https://www.murata.com/en-global/products/productdetail?partno=GRM21BR61C106KE15L","","GRM21BR61C106KE15L",""
"C26","1","100nF","","","","SpeakerRevB:C26_RevB","https://search.kemet.com/component-documentation/download/specsheet/C0603C104K5RACTU","","C0603C104K5RACTU",""
"C27","1","100nF","","","","SpeakerRevB:C27_RevB","https://search.kemet.com/component-documentation/download/specsheet/C0603C104K5RACTU","","C0603C104K5RACTU",""
"C28","1","100nF","","","","SpeakerRevB:C28_RevB","https://search.kemet.com/component-documentation/download/specsheet/C0603C104K5RACTU","","C0603C104K5RACTU",""
"C29","1","100nF","","","","SpeakerRevB:C29_RevB","https://search.kemet.com/component-documentation/download/specsheet/C0603C104K5RACTU","","C0603C104K5RACTU",""
"C30","1","100nF","","","","SpeakerRevB:C30_RevB","https://search.kemet.com/component-documentation/download/specsheet/C0603C104K5RACTU","","C0603C104K5RACTU",""
"C31","1","22uF","","","","SpeakerRevB:C31_RevB","https://www.murata.com/en-global/products/productdetail?partno=GRM21BR61C226ME44L","","GRM21BR61C226ME44L",""
"C32","1","100nF","","","","SpeakerRevB:C32_RevB","https://search.kemet.com/component-documentation/download/specsheet/C0603C104K5RACTU","","C0603C104K5RACTU",""
"C33","1","100nF","","","","SpeakerRevB:C33_RevB","https://search.kemet.com/component-documentation/download/specsheet/C0603C104K5RACTU","","C0603C104K5RACTU",""
"C40","1","10uF","","","","SpeakerRevB:C40_RevB","https://search.kemet.com/component-documentation/download/specsheet/C1210C106K5RACTU","","C1210C106K5RACTU",""
"C41","1","220nF","","","","SpeakerRevB:C41_RevB","https://search.kemet.com/component-documentation/download/specsheet/C0603C224K5RACTU","","C0603C224K5RACTU",""
"C42","1","100nF","","","","SpeakerRevB:C42_RevB","https://search.kemet.com/component-documentation/download/specsheet/C0603C104K5RACTU","","C0603C104K5RACTU",""
"C43","1","1uF","","","","SpeakerRevB:C43_RevB","https://search.kemet.com/component-documentation/download/specsheet/C0603C105K4RACTU","","C0603C105K4RACTU",""
"C44","1","22uF","","","","SpeakerRevB:C44_RevB","https://search.kemet.com/component-documentation/download/specsheet/C1210C226K3RACTU","","C1210C226K3RACTU",""
"C45","1","22uF","","","","SpeakerRevB:C45_RevB","https://search.kemet.com/component-documentation/download/specsheet/C1210C226K3RACTU","","C1210C226K3RACTU",""
"C46","1","22uF","","","","SpeakerRevB:C46_RevB","https://search.kemet.com/component-documentation/download/specsheet/C1210C226K3RACTU","","C1210C226K3RACTU",""
"C47","1","22uF","","","","SpeakerRevB:C47_RevB","https://search.kemet.com/component-documentation/download/specsheet/C1210C226K3RACTU","","C1210C226K3RACTU",""
"C48","1","10uF","","","","SpeakerRevB:C48_RevB","https://www.murata.com/en-global/products/productdetail?partno=GRM21BR61C106KE15L","","GRM21BR61C106KE15L",""
"C49","1","22uF","","","","SpeakerRevB:C49_RevB","https://www.murata.com/en-global/products/productdetail?partno=GRM21BR61C226ME44L","","GRM21BR61C226ME44L",""
"C50","1","47uF","","","","SpeakerRevB:C50_RevB","https://www.murata.com/en-global/products/productdetail?partno=GRM32ER61C476KE15L","","GRM32ER61C476KE15L",""
"C51","1","4.7uF","","","","SpeakerRevB:C51_RevB","https://search.kemet.com/component-documentation/download/specsheet/C0805C475K4RACTU","","C0805C475K4RACTU",""
"C52","1","4.7uF","","","","SpeakerRevB:C52_RevB","https://search.kemet.com/component-documentation/download/specsheet/C0805C475K4RACTU","","C0805C475K4RACTU",""
"C53","1","3.3nF","","","","SpeakerRevB:C53_RevB","https://search.kemet.com/component-documentation/download/specsheet/C0603C332J5GACTU","","C0603C332J5GACTU",""
"C55","1","100nF","","","","SpeakerRevB:C55_RevB","https://search.kemet.com/component-documentation/download/specsheet/C0603C104K5RACTU","","C0603C104K5RACTU",""
"C56","1","100nF","","","","SpeakerRevB:C56_RevB","https://search.kemet.com/component-documentation/download/specsheet/C0603C104K5RACTU","","C0603C104K5RACTU",""
"C57","1","100nF","","","","SpeakerRevB:C57_RevB","https://search.kemet.com/component-documentation/download/specsheet/C0603C104K5RACTU","","C0603C104K5RACTU",""
"C58","1","1uF","","","","SpeakerRevB:C58_RevB","https://search.kemet.com/component-documentation/download/specsheet/C0603C105K4RACTU","","C0603C105K4RACTU",""
"C100","1","22nF","","","","SpeakerRevB:C100_RevB","https://search.kemet.com/component-documentation/download/specsheet/C0603C223K5RACTU","","C0603C223K5RACTU",""
"C101","1","6.8nF","","","","SpeakerRevB:C101_RevB","https://search.kemet.com/component-documentation/download/specsheet/C0603C682J5GACTU","","C0603C682J5GACTU",""
"C102","1","10nF","","","","SpeakerRevB:C102_RevB","https://search.kemet.com/component-documentation/download/specsheet/C0603C103K5RACTU","","C0603C103K5RACTU",""
"C103","1","4.7uF","","","","SpeakerRevB:C103_RevB","https://search.kemet.com/component-documentation/download/specsheet/C0805C475K4RACTU","","C0805C475K4RACTU",""
"C104","1","10nF","","","","SpeakerRevB:C104_RevB","https://search.kemet.com/component-documentation/download/specsheet/C0603C103K5RACTU","","C0603C103K5RACTU",""
"C105","1","100nF","","","","SpeakerRevB:C105_RevB","https://search.kemet.com/component-documentation/download/specsheet/C0603C104K5RACTU","","C0603C104K5RACTU",""
"C106","1","100nF","","","","SpeakerRevB:C106_RevB","https://search.kemet.com/component-documentation/download/specsheet/C0603C104K5RACTU","","C0603C104K5RACTU",""
"C107","1","100nF","","","","SpeakerRevB:C107_RevB","https://search.kemet.com/component-documentation/download/specsheet/C0603C104K5RACTU","","C0603C104K5RACTU",""
"C108","1","100nF","","","","SpeakerRevB:C108_RevB","https://search.kemet.com/component-documentation/download/specsheet/C0603C104K5RACTU","","C0603C104K5RACTU",""
"C109","1","100nF","","","","SpeakerRevB:C109_RevB","https://search.kemet.com/component-documentation/download/specsheet/C0603C104K5RACTU","","C0603C104K5RACTU",""
"C110","1","100nF","","","","SpeakerRevB:C110_RevB","https://search.kemet.com/component-documentation/download/specsheet/C0603C104K5RACTU","","C0603C104K5RACTU",""
"C111","1","10uF","","","","SpeakerRevB:C111_RevB","https://www.murata.com/en-global/products/productdetail?partno=GRM21BR61C106KE15L","","GRM21BR61C106KE15L",""
"C112","1","100nF","","","","SpeakerRevB:C112_RevB","https://search.kemet.com/component-documentation/download/specsheet/C0603C104K5RACTU","","C0603C104K5RACTU",""
"C113","1","10uF","","","","SpeakerRevB:C113_RevB","https://www.murata.com/en-global/products/productdetail?partno=GRM21BR61C106KE15L","","GRM21BR61C106KE15L",""
"C114","1","1uF","","","","SpeakerRevB:C114_RevB","https://search.kemet.com/component-documentation/download/specsheet/C0603C105K4RACTU","","C0603C105K4RACTU",""
"C115","1","100nF","","","","SpeakerRevB:C115_RevB","https://search.kemet.com/component-documentation/download/specsheet/C0603C104K5RACTU","","C0603C104K5RACTU",""
"C120,C121","2","100nF","","","","SpeakerRevB:C_1210_3225Metric","https://search.kemet.com/component-documentation/download/specsheet/C1210C104J1GACTU","","C1210C104J1GACTU",""
"C122","1","1uF","","","","SpeakerRevB:C_1210_3225Metric","https://search.kemet.com/component-documentation/download/specsheet/C1210C105K1RACTU","","C1210C105K1RACTU",""
"C123","1","1uF","","","","SpeakerRevB:C123_RevB","https://search.kemet.com/component-documentation/download/specsheet/C0805C105K5RACTU","","C0805C105K5RACTU",""
"D1","1","PRTR5V0U4D,125","","","","SpeakerRevB:D1_RevB","","","PRTR5V0U4D,125","TO"
"D2","1","SMAJ58A-TR","","","","SpeakerRevB:D2_RevB","","C132936","SMAJ58A-TR","SMA_L4.4-W2.8-LS5.4-RD"
"D3","1","B5100C","","","","SpeakerRevB:D3_RevB","","","B5100C","SMC (DO-214AB)"
"D4","1","B5100C","","","","SpeakerRevB:D4_RevB","","","B5100C","SMC (DO-214AB)"
"D5","1","B5100C","","","","SpeakerRevB:D5_RevB","","","B5100C","SMC (DO-214AB)"
"D6","1","B5100C","","","","SpeakerRevB:D6_RevB","","","B5100C","SMC (DO-214AB)"
"D7","1","B5100C","","","","SpeakerRevB:D7_RevB","","","B5100C","SMC (DO-214AB)"
"D8","1","B5100C","","","","SpeakerRevB:D8_RevB","","","B5100C","SMC (DO-214AB)"
"D9","1","B5100C","","","","SpeakerRevB:D9_RevB","","","B5100C","SMC (DO-214AB)"
"D10","1","B5100C","","","","SpeakerRevB:D10_RevB","","","B5100C","SMC (DO-214AB)"
"D11","1","SMBJ26CA","","","","SpeakerRevB:D11_RevB","","","SMBJ26CA",""
"F1","1","24T 3.15A250V","","","","SpeakerRevB:F1_RevB","","C2905508","24T 3.15A250V","FUSE-SMD_L6.1-W2.6"
"FB1","1","600ohm@100MHz","","","","SpeakerRevB:FB1_RevB","https://www.murata.com/en-us/products/productdata/8796738650142/ENFA0003.pdf","","BLM18AG601SN1D",""
"FB2","1","120R@100MHz","","","","SpeakerRevB:FB2_RevB","","","BLM18PG121SN1D",""
"H1","1","MountingHole","","","","SpeakerRevB:H1_RevB","","","MountingHole",""
"H2","1","MountingHole","","","","SpeakerRevB:H2_RevB","","","MountingHole",""
"H3","1","MountingHole","","","","SpeakerRevB:H3_RevB","","","MountingHole",""
"H4","1","MountingHole","","","","SpeakerRevB:H4_RevB","","","MountingHole",""
"J1","1","2250506-1","","","","SpeakerRevB:J1_RevB","","","2250506-1",""
"J2","1","MX2EDGR-5.08-02P-GN01-Cu-A","","","","SpeakerRevB:J2_RevB","","C5187973","MX2EDGR-5.08-02P-GN01-Cu-A",""
"J3","1","MX2EDGR-5.08-02P-GN01-Cu-A","","","","SpeakerRevB:J3_RevB","","C5187973","MX2EDGR-5.08-02P-GN01-Cu-A",""
"J4","1","Pin Header 02x07 2.54mm Vertical","","","","SpeakerRevB:J4_RevB","https://www.samtec.com/products/TSW-107-07-G-D","","TSW-107-07-G-D",""
"J5","1","Pin Header 01x06 2.54mm Vertical","","","","SpeakerRevB:J5_RevB","https://www.samtec.com/products/TSW-106-07-G-S","","TSW-106-07-G-S",""
"J6","1","Pin Header 01x06 2.54mm Vertical","","","","SpeakerRevB:J6_RevB","https://www.samtec.com/products/TSW-106-07-G-S","","TSW-106-07-G-S",""
"L1","1","10uH","","","","SpeakerRevB:L1_RevB","","","SRP1038A-100M",""
"L2","1","10uH","","","","SpeakerRevB:L2_RevB","","","SRP1038A-100M",""
"L3","1","8.2uH","","","","SpeakerRevB:L3_RevB","","","XAL5050-822MEC",""
"L4","1","2.2uH","","","","SpeakerRevB:L4_RevB","","","XAL5030-222MEC",""
"LED1","1","SML-D13FWT86C","","","","SpeakerRevB:LED1_RevB","","","SML-D13FWT86C",""
"LED2","1","SML-D13FWT86C","","","","SpeakerRevB:LED2_RevB","","","SML-D13FWT86C",""
"LED3","1","SML-D13FWT86C","","","","SpeakerRevB:LED3_RevB","","","SML-D13FWT86C",""
"Q1","1","DMNH6012LK3-13","","","","SpeakerRevB:Q1_RevB","","","DMNH6012LK3-13",""
"Q2","1","DMNH6012LK3-13","","","","SpeakerRevB:Q2_RevB","","","DMNH6012LK3-13",""
"Q3","1","PSMN4R8-100BSE","","","","SpeakerRevB:Q3_RevB","","","PSMN4R8-100BSE",""
"Q4","1","PSMN4R8-100BSE","","","","SpeakerRevB:Q4_RevB","","","PSMN4R8-100BSE",""
"R3","1","27kΩ","","","","SpeakerRevB:R3_RevB","https://www.vishay.com/docs/28758/tnpw_e3.pdf","","TNPW120627K0FHEA",""
"R4","1","27kΩ","","","","SpeakerRevB:R4_RevB","https://www.vishay.com/docs/28758/tnpw_e3.pdf","","TNPW120627K0FHEA",""
"R5","1","27kΩ","","","","SpeakerRevB:R5_RevB","https://www.vishay.com/docs/28758/tnpw_e3.pdf","","TNPW120627K0FHEA",""
"R6","1","10kΩ","","","","SpeakerRevB:R6_RevB","https://www.vishay.com/docs/28758/tnpw_e3.pdf","","TNPW060310K0FHEA",""
"R7","1","10kΩ","","","","SpeakerRevB:R7_RevB","https://www.vishay.com/docs/28758/tnpw_e3.pdf","","TNPW060310K0FHEA",""
"R8","1","10kΩ","","","","SpeakerRevB:R8_RevB","https://www.vishay.com/docs/28758/tnpw_e3.pdf","","TNPW060310K0FHEA",""
"R9","1","10kΩ","","","","SpeakerRevB:R9_RevB","https://www.vishay.com/docs/28758/tnpw_e3.pdf","","TNPW060310K0FHEA",""
"R13","1","470Ω","","","","SpeakerRevB:R13_RevB","https://www.vishay.com/docs/28758/tnpw_e3.pdf","","TNPW0603470RFHEA",""
"R14","1","5.6kΩ","","","","SpeakerRevB:R14_RevB","https://www.vishay.com/docs/28758/tnpw_e3.pdf","","TNPW06035K60FHEA",""
"R15","1","82kΩ","","","","SpeakerRevB:R15_RevB","https://www.vishay.com/docs/28758/tnpw_e3.pdf","","TNPW060382K0FHEA",""
"R16","1","51kΩ","","","","SpeakerRevB:R16_RevB","https://www.vishay.com/docs/28758/tnpw_e3.pdf","","TNPW060351K0FHEA",""
"R17","1","10kΩ","","","","SpeakerRevB:R17_RevB","https://www.vishay.com/docs/28758/tnpw_e3.pdf","","TNPW060310K0FHEA",""
"R23","1","100kΩ","","","","SpeakerRevB:R23_RevB","https://www.vishay.com/docs/28758/tnpw_e3.pdf","","TNPW0603100KFHEA",""
"R24","1","24.9kΩ","","","","SpeakerRevB:R24_RevB","https://www.vishay.com/docs/28758/tnpw_e3.pdf","","TNPW060324K9FHEA",""
"R25","1","1kΩ","","","","SpeakerRevB:R25_RevB","https://www.vishay.com/docs/28758/tnpw_e3.pdf","","TNPW06031K00FHEA",""
"R26","1","1kΩ","","","","SpeakerRevB:R26_RevB","https://www.vishay.com/docs/28758/tnpw_e3.pdf","","TNPW06031K00FHEA",""
"R27","1","1kΩ","","","","SpeakerRevB:R27_RevB","https://www.vishay.com/docs/28758/tnpw_e3.pdf","","TNPW06031K00FHEA",""
"R28","1","33Ω","","","","SpeakerRevB:R28_RevB","https://www.vishay.com/docs/28758/tnpw_e3.pdf","","TNPW060333R0FHEA",""
"R29","1","33Ω","","","","SpeakerRevB:R29_RevB","https://www.vishay.com/docs/28758/tnpw_e3.pdf","","TNPW060333R0FHEA",""
"R30","1","33Ω","","","","SpeakerRevB:R30_RevB","https://www.vishay.com/docs/28758/tnpw_e3.pdf","","TNPW060333R0FHEA",""
"R31","1","33Ω","","","","SpeakerRevB:R31_RevB","https://www.vishay.com/docs/28758/tnpw_e3.pdf","","TNPW060333R0FHEA",""
"R32","1","33Ω","","","","SpeakerRevB:R32_RevB","https://www.vishay.com/docs/28758/tnpw_e3.pdf","","TNPW060333R0FHEA",""
"R33","1","4.7kΩ","","","","SpeakerRevB:R33_RevB","https://www.vishay.com/docs/28758/tnpw_e3.pdf","","TNPW06034K70FHEA",""
"R34","1","4.7kΩ","","","","SpeakerRevB:R34_RevB","https://www.vishay.com/docs/28758/tnpw_e3.pdf","","TNPW06034K70FHEA",""
"R35","1","100kΩ","","","","SpeakerRevB:R35_RevB","https://www.vishay.com/docs/28758/tnpw_e3.pdf","","TNPW0603100KFHEA",""
"R36","1","100kΩ","","","","SpeakerRevB:R36_RevB","https://www.vishay.com/docs/28758/tnpw_e3.pdf","","TNPW0603100KFHEA",""
"R38","1","10kΩ","","","","SpeakerRevB:R38_RevB","https://www.vishay.com/docs/28758/tnpw_e3.pdf","","TNPW060310K0FHEA",""
"R100","1","12.4k","","","","SpeakerRevB:R100_RevB","https://www.vishay.com/docs/28758/tnpw_e3.pdf","","TNPW060312K4FHEA",""
"R101","1","49.9","","","","SpeakerRevB:R101_RevB","https://www.vishay.com/docs/28758/tnpw_e3.pdf","","TNPW060349R9FHEA",""
"R102","1","49.9","","","","SpeakerRevB:R102_RevB","https://www.vishay.com/docs/28758/tnpw_e3.pdf","","TNPW060349R9FHEA",""
"R103","1","10","","","","SpeakerRevB:R103_RevB","https://www.vishay.com/docs/28758/tnpw_e3.pdf","","TNPW060310R0FHEA",""
"R104","1","49.9","","","","SpeakerRevB:R104_RevB","https://www.vishay.com/docs/28758/tnpw_e3.pdf","","TNPW060349R9FHEA",""
"R105","1","49.9","","","","SpeakerRevB:R105_RevB","https://www.vishay.com/docs/28758/tnpw_e3.pdf","","TNPW060349R9FHEA",""
"R106","1","10k","","","","SpeakerRevB:R106_RevB","https://www.vishay.com/docs/28758/tnpw_e3.pdf","","TNPW060310K0FHEA",""
"R107","1","10k","","","","SpeakerRevB:R107_RevB","https://www.vishay.com/docs/28758/tnpw_e3.pdf","","TNPW060310K0FHEA",""
"R108","1","33","","","","SpeakerRevB:R108_RevB","https://www.vishay.com/docs/28758/tnpw_e3.pdf","","TNPW060333R0FHEA",""
"R109","1","33","","","","SpeakerRevB:R109_RevB","https://www.vishay.com/docs/28758/tnpw_e3.pdf","","TNPW060333R0FHEA",""
"R110","1","10k","","","","SpeakerRevB:R110_RevB","https://www.vishay.com/docs/28758/tnpw_e3.pdf","","TNPW060310K0FHEA",""
"R111","1","10k","","","","SpeakerRevB:R111_RevB","https://www.vishay.com/docs/28758/tnpw_e3.pdf","","TNPW060310K0FHEA",""
"R120","1","198k","","","","SpeakerRevB:R120_RevB","https://www.vishay.com/docs/28758/tnpw_e3.pdf","","TNPW0805198KBYEA",""
"R121","1","4.02k","","","","SpeakerRevB:R121_RevB","https://www.vishay.com/docs/28758/tnpw_e3.pdf","","TNPW08054K02BYEA",""
"R122","1","392k","","","","SpeakerRevB:R122_RevB","https://www.vishay.com/docs/28758/tnpw_e3.pdf","","TNPW0805392KFHEA",""
"R123","1","10k","","","","SpeakerRevB:R123_RevB","https://www.vishay.com/docs/28758/tnpw_e3.pdf","","TNPW080510K0FHEA",""
"R124","1","100k","","","","SpeakerRevB:R124_RevB","https://www.vishay.com/docs/28758/tnpw_e3.pdf","","TNPW0805100KFHEA",""
"R125","1","10","","","","SpeakerRevB:R125_RevB","https://www.vishay.com/docs/28758/tnpw_e3.pdf","","TNPW080510R0FHEA",""
"R126","1","10","","","","SpeakerRevB:R126_RevB","https://www.vishay.com/docs/28758/tnpw_e3.pdf","","TNPW080510R0FHEA",""
"R127","1","5.1k","","","","SpeakerRevB:R127_RevB","https://www.vishay.com/docs/28758/tnpw_e3.pdf","","TNPW08055K10FHEA",""
"R128","1","10k","","","","SpeakerRevB:R128_RevB","https://www.vishay.com/docs/28758/tnpw_e3.pdf","","TNPW080510K0FHEA",""
"R129","1","10k","","","","SpeakerRevB:R129_RevB","https://www.vishay.com/docs/28758/tnpw_e3.pdf","","TNPW080510K0FHEA",""
"R130","1","6.04k","","","","SpeakerRevB:R130_RevB","https://www.vishay.com/docs/28758/tnpw_e3.pdf","","TNPW08056K04FHEA",""
"R131","1","200k","","","","SpeakerRevB:R131_RevB","https://www.vishay.com/docs/28758/tnpw_e3.pdf","","TNPW0805200KBYEA",""
"R132","1","10k","","","","SpeakerRevB:R132_RevB","https://www.vishay.com/docs/28758/tnpw_e3.pdf","","TNPW080510K0BYEA",""
"R133","1","158k","","","","SpeakerRevB:R133_RevB","https://www.vishay.com/docs/28758/tnpw_e3.pdf","","TNPW0805158KFHEA",""
"R134","1","10k","","","","SpeakerRevB:R134_RevB","https://www.vishay.com/docs/28758/tnpw_e3.pdf","","TNPW080510K0FHEA",""
"R135","1","1k","","","","SpeakerRevB:R135_RevB","https://www.vishay.com/docs/28758/tnpw_e3.pdf","","TNPW08051K00FHEA",""
"R136","1","174k","","","","SpeakerRevB:R136_RevB","https://www.vishay.com/docs/28758/tnpw_e3.pdf","","TNPW0805174KFHEA",""
"R137","1","10k","","","","SpeakerRevB:R137_RevB","https://www.vishay.com/docs/28758/tnpw_e3.pdf","","TNPW080510K0FHEA",""
"R138","1","10k","","","","SpeakerRevB:R138_RevB","https://www.vishay.com/docs/28758/tnpw_e3.pdf","","TNPW080510K0FHEA",""
"SW1","1","TS-1088-AR02016","","","","SpeakerRevB:SW1_RevB","","C720477","TS-1088-AR02016","SW-SMD_L3.9-W3.0-P4.45"
"SW2","1","TS-1088-AR02016","","","","SpeakerRevB:SW2_RevB","","C720477","TS-1088-AR02016","SW-SMD_L3.9-W3.0-P4.45"
"TP1","1","Generic Testpoint","","","","SpeakerRevB:TP1_RevB","","","",""
"TP2","1","Generic Testpoint","","","","SpeakerRevB:TP2_RevB","","","",""
"TP3","1","Generic Testpoint","","","","SpeakerRevB:TP3_RevB","","","",""
"TP4","1","Generic Testpoint","","","","SpeakerRevB:TP4_RevB","","","",""
"TP5","1","Generic Testpoint","","","","SpeakerRevB:TP5_RevB","","","",""
"TP6","1","Generic Testpoint","","","","SpeakerRevB:TP6_RevB","","","",""
"TP7","1","Generic Testpoint","","","","SpeakerRevB:TP7_RevB","","","",""
"TP8","1","Generic Testpoint","","","","SpeakerRevB:TP8_RevB","","","",""
"TP9","1","Generic Testpoint","","","","SpeakerRevB:TP9_RevB","","","",""
"TP10","1","Generic Testpoint","","","","SpeakerRevB:TP10_RevB","","","",""
"TP11","1","Generic Testpoint","","","","SpeakerRevB:TP11_RevB","","","",""
"TP12","1","Generic Testpoint","","","","SpeakerRevB:TP12_RevB","","","",""
"TP13","1","Generic Testpoint","","","","SpeakerRevB:TP13_RevB","","","",""
"TP14","1","Generic Testpoint","","","","SpeakerRevB:TP14_RevB","","","",""
"TP15","1","Generic Testpoint","","","","SpeakerRevB:TP15_RevB","","","",""
"TP16","1","Generic Testpoint","","","","SpeakerRevB:TP16_RevB","","","",""
"TP17","1","Generic Testpoint","","","","SpeakerRevB:TP17_RevB","","","",""
"TP18","1","Generic Testpoint","","","","SpeakerRevB:TP18_RevB","","","",""
"TP19","1","Generic Testpoint","","","","SpeakerRevB:TP19_RevB","","","",""
"TP20","1","Generic Testpoint","","","","SpeakerRevB:TP20_RevB","","","",""
"TP21","1","Generic Testpoint","","","","SpeakerRevB:TP21_RevB","","","",""
"TP22","1","Generic Testpoint","","","","SpeakerRevB:TP22_RevB","","","",""
"TP23","1","Generic Testpoint","","","","SpeakerRevB:TP23_RevB","","","",""
"TP25","1","BENCH_FAULT_N","","","","SpeakerRevB:TP25_RevB","","","BENCH_FAULT_N",""
"TP26","1","EFUSE_SHDN","","","","SpeakerRevB:TP26_RevB","","","TBD",""
"TP27","1","EFUSE_FAULT_N","","","","SpeakerRevB:TP27_RevB","","","TBD",""
"U1","1","Ag5800","","","","SpeakerRevB:U1_RevB","https://www.silvertel.com/images/datasheets/Ag5800-datasheet-%20IEEE802_3bt-Power-over-Ethernet-4-pair-PD.pdf","","Ag5800","Module"
"U2","1","ESP32-S3-WROOM-1U-N16R8","","","","SpeakerRevB:U2_RevB","","","ESP32-S3-WROOM-1U-N16R8",""
"U3","1","W5500","","","","SpeakerRevB:U3_RevB","","","W5500",""
"U4","1","PCM5122PWR","","","","SpeakerRevB:U4_RevB","","C962071","PCM5122PWR","TSSOP-28_L9.8-W6.6-P0.65-BL"
"U5","1","TPA3116D2","","","","SpeakerRevB:U5_RevB","https://www.ti.com/lit/ds/symlink/tpa3116d2.pdf","","TPA3116D2DADR",""
"U6","1","LMR33630AQRNXRQ1","","","","SpeakerRevB:U6_RevB","","","LMR33630AQRNXRQ1","VQFN-HR (RNX) | 12, RNX0012B, 3 x 2 x 0.85 mm"
"U7","1","TPS62132RGTR","","","","SpeakerRevB:U7_RevB","","","TPS62132RGTR","16-VQFN (3x3)"
"U8","1","RT9013-33GB","","","","SpeakerRevB:U8_RevB","","","RT9013-33GB",""
"U9","1","LM5050-2","","","","SpeakerRevB:U9_RevB","https://www.ti.com/lit/gpn/LM5050-2","","LM5050MK-2/NOPB","TSOT-23-6"
"U10","1","LM5050-2","","","","SpeakerRevB:U10_RevB","https://www.ti.com/lit/gpn/LM5050-2","","LM5050MK-2/NOPB","TSOT-23-6"
"U11","1","PCAL6416APW","","","","SpeakerRevB:U11_RevB","","","PCAL6416APW","TSSOP-24_4.4x7.8mm_P0.65mm"
"U12","1","PC817X2NSZ9F","","","","SpeakerRevB:U12_RevB","","C390734","PC817X2NSZ9F","DIP-4_L6.4-W4.6-P2.54-LS7.6-BL"
"U13","1","PC817X2NSZ9F","","","","SpeakerRevB:U13_RevB","","C390734","PC817X2NSZ9F","DIP-4_L6.4-W4.6-P2.54-LS7.6-BL"
"U14","1","PC817X2NSZ9F","","","","SpeakerRevB:U14_RevB","","C390734","PC817X2NSZ9F","DIP-4_L6.4-W4.6-P2.54-LS7.6-BL"
"U15","1","LTC4365HTS8#TRPBF","","","","SpeakerRevB:U15_RevB","","","LTC4365HTS8#TRPBF",""
"U16","1","TPS26630RGER","","","","SpeakerRevB:U16_RevB","","","TPS26630RGER",""
"X2","1","25MHz","","","","SpeakerRevB:X2_RevB","","","ASE-25.000MHZ-LC-T",""
